{
    "items": [
        {
            "Name": "Closet",
            "TextColor": {
                "r": 1.0,
                "g": 0.8196078538894653,
                "b": 0.007843137718737126,
                "a": 1.0
            },
            "FontSize": 12,
            "FontStyle": 1,
            "ImageColor": {
                "r": 0.10980392247438431,
                "g": 0.10980392247438431,
                "b": 0.10980392247438431,
                "a": 1.0
            },
            "ImageType": 5
        },
        {
            "Name": "GameObject",
            "TextColor": {
                "r": 1.0,
                "g": 0.8196078538894653,
                "b": 0.007843137718737126,
                "a": 1.0
            },
            "FontSize": 12,
            "FontStyle": 1,
            "ImageColor": {
                "r": 0.10980392247438431,
                "g": 0.10980392247438431,
                "b": 0.10980392247438431,
                "a": 1.0
            },
            "ImageType": 5
        },
        {
            "Name": "Highlight",
            "TextColor": {
                "r": 1.0,
                "g": 0.8196078538894653,
                "b": 0.007843137718737126,
                "a": 1.0
            },
            "FontSize": 12,
            "FontStyle": 1,
            "ImageColor": {
                "r": 0.10980392247438431,
                "g": 0.10980392247438431,
                "b": 0.10980392247438431,
                "a": 1.0
            },
            "ImageType": 5
        },
        {
            "Name": "Houses",
            "TextColor": {
                "r": 1.0,
                "g": 0.8196078538894653,
                "b": 0.007843137718737126,
                "a": 1.0
            },
            "FontSize": 12,
            "FontStyle": 1,
            "ImageColor": {
                "r": 0.10980392247438431,
                "g": 0.10980392247438431,
                "b": 0.10980392247438431,
                "a": 1.0
            },
            "ImageType": 5
        }
    ]
}