{
    "ComponentIconsSize": 1.0,
    "ComponentIconsOffset": 21,
    "ComponentIconsSpacing": 2.0,
    "HierarchyTreeColor": {
        "r": 1.0,
        "g": 0.7686274647712708,
        "b": 0.007843137718737126,
        "a": 1.0
    },
    "TreeBranchImageType_I": 0,
    "TreeBranchImageType_L": 0,
    "TreeBranchImageType_T": 0,
    "TreeBranchImageType_TerminalBud": 0,
    "TagColor": {
        "r": 0.10980392247438431,
        "g": 0.10980392247438431,
        "b": 0.10980392247438431,
        "a": 1.0
    },
    "TagTextAnchor": 5,
    "TagFontStyle": 3,
    "TagFontSize": 9,
    "LayerColor": {
        "r": 0.10980392247438431,
        "g": 0.10980392247438431,
        "b": 0.10980392247438431,
        "a": 1.0
    },
    "LayerTextAnchor": 5,
    "LayerFontStyle": 3,
    "LayerFontSize": 9,
    "TagLayerOffset": 5,
    "TagLayerSpacing": 5,
    "HierarchyLineColor": {
        "r": 0.0,
        "g": 0.0,
        "b": 0.0,
        "a": 0.501960813999176
    },
    "HierarchyLineThickness": 1,
    "HierarchyButtonLockColor": {
        "r": 0.10980392247438431,
        "g": 0.10980392247438431,
        "b": 0.10980392247438431,
        "a": 0.501960813999176
    },
    "HierarchyButtonVisibilityColor": {
        "r": 0.1098039299249649,
        "g": 0.1098039299249649,
        "b": 0.1098039299249649,
        "a": 0.501960813999176
    },
    "FolderDefaultTextColor": {
        "r": 1.0,
        "g": 0.8196078538894653,
        "b": 0.007843137718737126,
        "a": 1.0
    },
    "FolderDefaultFontSize": 12,
    "FolderDefaultFontStyle": 1,
    "FolderDefaultImageColor": {
        "r": 0.10980392247438431,
        "g": 0.10980392247438431,
        "b": 0.10980392247438431,
        "a": 1.0
    },
    "FolderDefaultImageType": 5,
    "SeparatorDefaultTextColor": {
        "r": 1.0,
        "g": 0.8196078538894653,
        "b": 0.007843137718737126,
        "a": 1.0
    },
    "SeparatorDefaultIsGradientBackground": false,
    "SeparatorDefaultBackgroundColor": {
        "r": 0.10980392247438431,
        "g": 0.10980392247438431,
        "b": 0.10980392247438431,
        "a": 1.0
    },
    "SeparatorDefaultBackgroundGradient": {
        "serializedVersion": "2",
        "key0": {
            "r": 1.0,
            "g": 1.0,
            "b": 1.0,
            "a": 1.0
        },
        "key1": {
            "r": 1.0,
            "g": 1.0,
            "b": 1.0,
            "a": 1.0
        },
        "key2": {
            "r": 0.0,
            "g": 0.0,
            "b": 0.0,
            "a": 0.0
        },
        "key3": {
            "r": 0.0,
            "g": 0.0,
            "b": 0.0,
            "a": 0.0
        },
        "key4": {
            "r": 0.0,
            "g": 0.0,
            "b": 0.0,
            "a": 0.0
        },
        "key5": {
            "r": 0.0,
            "g": 0.0,
            "b": 0.0,
            "a": 0.0
        },
        "key6": {
            "r": 0.0,
            "g": 0.0,
            "b": 0.0,
            "a": 0.0
        },
        "key7": {
            "r": 0.0,
            "g": 0.0,
            "b": 0.0,
            "a": 0.0
        },
        "ctime0": 0,
        "ctime1": 65535,
        "ctime2": 0,
        "ctime3": 0,
        "ctime4": 0,
        "ctime5": 0,
        "ctime6": 0,
        "ctime7": 0,
        "atime0": 0,
        "atime1": 65535,
        "atime2": 0,
        "atime3": 0,
        "atime4": 0,
        "atime5": 0,
        "atime6": 0,
        "atime7": 0,
        "m_Mode": 0,
        "m_ColorSpace": -1,
        "m_NumColorKeys": 2,
        "m_NumAlphaKeys": 2
    },
    "SeparatorDefaultFontSize": 13,
    "SeparatorDefaultFontStyle": 3,
    "SeparatorDefaultTextAnchor": 4,
    "SeparatorDefaultImageType": 8,
    "SeparatorLeftSideTextAnchorOffset": 3,
    "SeparatorCenterTextAnchorOffset": -15,
    "SeparatorRightSideTextAnchorOffset": 36,
    "LockColor": {
        "r": 1.0,
        "g": 0.7686274647712708,
        "b": 0.007843137718737126,
        "a": 1.0
    },
    "LockTextAnchor": 5,
    "LockFontStyle": 3,
    "LockFontSize": 11
}